miR,avg_Intra_FLC
hsa-mir-3168_+_1,0
hsa-mir-3168,0
hsa-mir-206_+_1,0
hsa-mir-3168_+_3,0
hsa-mir-4516_-_1,0
hsa-mir-3168_+_2,0
hsa-mir-3648_+_5,0
hsa-mir-483-5p,0
hsa-mir-4508_-_1,3.321158368
hsa-mir-4516_-_2,0
hsa-mir-4516_+_3,0
hsa-mir-122-5p,4.064784845
hsa-mir-122-5p_+_1,0
hsa-mir-99a-5p_+_3,0
hsa-mir-184_+_1,0
hsa-mir-486-5p_+_2,0
hsa-mir-483-5p_+_1,0
hsa-mir-3178_-_1,0.637394124
hsa-mir-885-3p,0
hsa-mir-4516_-_3,0
hsa-mir-184,4.430307889
hsa-mir-4516_+_2,0
hsa-mir-4516,2.311951005
hsa-mir-4516_+_1,0.637394124
hsa-mir-148b-3p,1360.504577
hsa-mir-486-5p,16.73811651
hsa-mir-1248,2265.812868
hsa-mir-4492,29.50975783
hsa-mir-4508,0.690510301
hsa-mir-128-1,713.7814023
hsa-mir-128-2,677.2957168
hsa-mir-4508_-_2,3.195123889
hsa-mir-3648_+_6,0
hsa-mir-15a-5p,617.5693843
hsa-mir-150-5p,0
hsa-mir-20a-5p,551.9259614
hsa-mir-543_+_3,0
hsa-let-7i-5p_+_1,519.9637653
hsa-mir-99a-5p_+_4,8.933534078
hsa-mir-3687_-_4,0
hsa-mir-3656_+_2,0
hsa-mir-432-5p,0
hsa-mir-4449,0
hsa-mir-454-3p,446.6415639
hsa-mir-4667-5p,0
hsa-mir-4508_+_1,0
hsa-let-7i-3p_+_1,0
hsa-mir-10b-5p_-_1,1.009207363
hsa-mir-197-3p_+_1,0
hsa-mir-4492_-_1,0
hsa-mir-106b-5p,316.3652809
hsa-mir-185-5p,308.9658165
hsa-mir-5587-5p,0
hsa-mir-4485_+_1,640.7938905
hsa-mir-503,287.2620338
hsa-mir-30b-5p,292.363511
hsa-mir-24-2-5p_-_1,281.9627659
hsa-mir-106b-3p_-_2,282.5955116
hsa-mir-26a-2-5p_+_1,273.5482836
hsa-mir-26a-1-5p_+_1,273.0567261
hsa-mir-16-2-5p_+_1,277.2829624
hsa-mir-16-1-5p_+_1,276.4925099
hsa-mir-625-5p_+_6,0
hsa-mir-3656,0
hsa-mir-532-3p,280.0228495
hsa-mir-4488_+_1,0
hsa-mir-4488,0.690510301
hsa-mir-30a-3p_+_1,245.7228685
hsa-mir-4449_+_2,0
hsa-let-7a-2-3p_-_4,0
hsa-mir-22-5p,233.8786527
hsa-mir-671-3p,234.8605964
hsa-mir-1269a,0
hsa-mir-4492_+_2,0
hsa-mir-375,67.50762649
hsa-mir-152_+_1,210.2808665
hsa-mir-3196_-_4,0
hsa-mir-641_-_8,0
hsa-mir-34a-5p_+_1,194.4692533
hsa-mir-29b-2-3p,205.1250925
hsa-mir-663b_+_5,0
hsa-mir-194-2-3p,192.8715714
hsa-mir-29b-1-3p,201.6841898
hsa-let-7i-5p_-_1,187.4765579
hsa-mir-504_+_1,0.743626478
hsa-mir-93-5p_+_1,171.3632551
hsa-mir-194-2-5p_+_1,170.5576583
hsa-mir-218-1-5p,164.621688
hsa-mir-218-2-5p,163.7385151
hsa-mir-148a-3p_+_1,152.4441104
hsa-mir-5590-5p_-_6,0
hsa-mir-149-3p_-_4,0
hsa-mir-193b-3p,162.8469491
hsa-mir-10b-5p,1004.977971
hsa-mir-215_+_1,145.7300374
hsa-mir-181b-2-5p_+_1,144.3196688
hsa-mir-222-3p_+_1,143.7649787
hsa-mir-4508_+_2,2.889938756
hsa-mir-214-3p,146.9423849
hsa-mir-27b-5p,131.8893212
hsa-mir-194-2-5p,5599.486318
hsa-mir-148b-5p_-_1,122.1909566
hsa-mir-375_-_1,4.855237304
hsa-mir-324-3p_-_2,115.581253
hsa-mir-181b-1-5p_+_1,114.541065
hsa-mir-374b-5p,114.9205611
hsa-mir-27a-3p_+_1,110.6782582
hsa-mir-29b-2-5p,109.5726042
hsa-let-7f-2-5p_-_1,109.9637584
hsa-let-7a-3-5p_-_1,103.4952337
hsa-mir-103a-2-3p_+_1,99.78012649
hsa-mir-103a-1-3p_+_1,99.35519708
hsa-mir-140-3p_+_2,93.9238351
hsa-mir-497-5p,92.52930257
hsa-mir-32-5p,91.29784472
hsa-mir-25-3p_+_1,89.35933946
hsa-mir-1248_+_1,132.7165648
hsa-mir-30b-3p,82.54695688
hsa-mir-890,81.88440197
hsa-mir-10b-5p_+_1,249.6688313
hsa-let-7d-5p_-_1,78.73610406
hsa-mir-374a-5p,76.0325377
hsa-mir-941-4,76.47563673
hsa-mir-941-3,76.47563673
hsa-mir-941-1,76.47563673
hsa-mir-194-1-5p_+_1,73.70078457
hsa-mir-182-5p_+_1,73.12815547
hsa-mir-425-5p_+_1,73.25884764
hsa-mir-582-5p,72.72395972
hsa-mir-34a-5p,2910.031171
hsa-mir-379-5p,72.63729892
hsa-mir-15b-5p,70.61189303
hsa-mir-34a-5p_-_1,69.6099074
hsa-mir-5701-2_+_3,106.5747913
hsa-mir-5701-1_+_3,106.5747913
hsa-mir-29a-3p,4013.547481
hsa-mir-218-1-3p_-_4,0.743626478
hsa-mir-301a-3p,66.53802338
hsa-mir-33b-5p,67.29189677
hsa-mir-3609,69.67513357
hsa-mir-190b,1185.321402
hsa-mir-3065-5p,64.43574247
hsa-mir-452-5p,63.79298969
hsa-mir-361-3p_+_1,62.57154818
hsa-mir-1248_-_1,84.06565154
hsa-mir-4497_+_1,2.311951005
hsa-mir-100-5p_+_4,20.31670249
hsa-mir-32-3p,60.20904505
hsa-mir-362-5p,63.15791977
hsa-mir-374a-3p,59.76524504
hsa-mir-888-5p_+_1,60.35697529
hsa-mir-139-3p_-_1,58.97316008
hsa-mir-29b-1-5p,60.01265631
hsa-mir-671-5p,58.47158621
hsa-mir-409-3p,10.99877478
hsa-let-7f-1-5p_-_1,58.30035826
hsa-mir-210_-_1,56.6097254
hsa-mir-4485,76.3465678
hsa-mir-98_+_1,55.045828
hsa-mir-127-3p,102.5242286
hsa-mir-17-3p,52.97988632
hsa-mir-148a-3p_-_1,52.67470119
hsa-mir-30d-3p,52.08506458
hsa-mir-145-5p,55.99259454
hsa-mir-3607-5p,56.89021089
hsa-mir-21-5p_+_4,51.25664038
hsa-mir-22-3p_+_2,52.60062078
hsa-mir-206,3.87748092
hsa-mir-375_+_1,0.849858832
hsa-mir-892a_+_1,50.59338451
hsa-mir-148a-3p_+_2,49.65872795
hsa-mir-29a-3p_+_5,49.27526586
hsa-mir-338-3p,52.41867551
hsa-mir-17-5p,801.5391217
hsa-mir-29c-5p,50.90858599
hsa-mir-542-3p,49.22587583
hsa-mir-320a_+_2,544.5194873
hsa-let-7f-2-5p_+_3,48.66187041
hsa-mir-1246_+_1,10.92492495
hsa-mir-361-3p,1186.84054
hsa-mir-106b-3p_-_1,46.11508853
hsa-let-7f-1-5p_+_3,47.39337236
hsa-let-7c_+_3,16.11866144
hsa-let-7a-1-3p,44.30214735
hsa-let-7a-3-3p,44.30214735
hsa-let-7a-2-5p_-_1,44.36039162
hsa-mir-16-2-5p_-_1,44.47920436
hsa-mir-27a-5p,43.54500894
hsa-mir-34c-5p_+_1,42.90132462
hsa-mir-103a-2-3p,11746.54691
hsa-mir-378c,41.83527493
hsa-let-7i-5p_+_3,42.7794867
hsa-mir-200b-5p,41.71553065
hsa-mir-103a-2-3p_-_1,41.56154078
hsa-mir-103a-1-3p_-_1,41.17621561
hsa-mir-194-1-5p,2171.079019
hsa-mir-3928,40.8549545
hsa-mir-628-3p_-_1,1.381020601
hsa-mir-99b-3p,40.53625744
hsa-let-7a-2-5p_+_3,42.504821
hsa-let-7a-1-5p_+_3,42.504821
hsa-let-7a-3-5p_+_3,42.2923563
hsa-mir-454-3p_+_1,40.87359452
hsa-mir-1275,39.98529355
hsa-mir-24-1-3p_+_2,39.58179876
hsa-mir-24-2-3p_+_2,38.94440464
hsa-mir-320a_+_4,38.45564173
hsa-mir-29b-2-5p_-_1,38.55651543
hsa-mir-221-3p_-_1,38.43933519
hsa-mir-181a-1-5p_+_1,38.34568323
hsa-mir-190a,38.42489172
hsa-mir-181a-2-5p_+_1,38.23945087
hsa-let-7e-5p_+_1,37.90281476
hsa-mir-424-5p,38.07311118
hsa-mir-382-5p,37.83968224
hsa-mir-28-3p_+_2,37.09885037
hsa-mir-92a-1-5p,37.07997979
hsa-mir-664-5p_+_1,37.05295593
hsa-mir-103a-1-3p,11657.49998
hsa-mir-16-2-3p,37.04223861
hsa-mir-148b-3p_+_1,36.50012896
hsa-let-7a-1-5p_-_1,36.67741654
hsa-mir-3607-3p_-_6,37.13775365
hsa-mir-15a-5p_+_1,35.82313059
hsa-mir-330-5p,34.86261228
hsa-mir-3609_-_1,34.85725362
hsa-mir-18a-5p,34.28276146
hsa-mir-214-5p,34.6186966
hsa-mir-31-5p_+_1,34.07029675
hsa-mir-3607-3p_-_8,41.35489586
hsa-mir-125b-2-3p_+_2,33.60669462
hsa-mir-708-5p,37.30082833
hsa-mir-20a-5p_+_1,33.70384217
hsa-mir-744-5p_+_1,33.39609299
hsa-mir-10a-5p,930.1913628
hsa-mir-1295a,32.91618432
hsa-let-7c_+_2,0.849858832
hsa-mir-590-3p,32.55066128
hsa-mir-4728-3p,33.13330672
hsa-mir-135b-5p,31.44151176
hsa-mir-29c-3p_+_5,31.96917794
hsa-mir-328,420.88601
hsa-mir-27b-3p_+_2,31.02916273
hsa-mir-1246_-_1,0.743626478
hsa-mir-9-1-5p_+_1,30.30440684
hsa-mir-9-2-5p_+_1,29.72641909
hsa-mir-9-3-5p_+_1,29.72641909
hsa-mir-1908,29.78232988
hsa-mir-4485_-_3,37.42243569
hsa-mir-194-2-5p_-_1,29.67702906
hsa-mir-200a-5p,29.2700387
hsa-mir-194-2-3p_+_1,29.09810977
hsa-mir-21-3p,29.09181958
hsa-mir-324-3p,29.09275112
hsa-mir-26b-5p_+_2,28.41016352
hsa-mir-323a-3p_-_1,1.805950017
hsa-mir-103a-2-3p_+_2,27.91953753
hsa-mir-151a-3p_-_1,27.74224995
hsa-mir-148a-5p_-_1,27.94306581
hsa-let-7e-5p_-_1,27.94469832
hsa-mir-103a-1-3p_+_2,27.28843361
hsa-mir-892a,1103.60025
hsa-mir-7-1-3p,26.97695828
hsa-mir-378a-5p,27.25977724
hsa-mir-130b-5p,26.67806334
hsa-mir-1260b,28.85069851
hsa-mir-411-5p_-_1,14.26588544
hsa-mir-891a,18.11377845
hsa-let-7d-3p,369.0753898
hsa-mir-769-3p,30.60609639
hsa-mir-15b-3p,26.52244096
hsa-mir-130b-3p_+_1,26.1387483
hsa-mir-365b-5p,25.72476677
hsa-mir-125b-1-3p_-_1,25.01445434
hsa-mir-33a-5p,24.4814295
hsa-mir-342-5p_+_1,24.42645024
hsa-mir-10a-5p_-_1,13.97421223
hsa-mir-296-3p,23.77833881
hsa-mir-1910,23.92673945
hsa-mir-21-5p_+_5,23.47758079
hsa-mir-29b-1-3p_-_1,23.52533831
hsa-mir-29b-2-3p_-_1,23.52533831
hsa-mir-146b-5p_+_1,23.47035906
hsa-mir-210_+_1,23.57565988
hsa-mir-891b,23.75317802
hsa-mir-892b,23.56680563
hsa-mir-183-5p_-_1,1.859066194
hsa-mir-26b-3p,3.055577483
hsa-let-7g-5p,25963.98328
hsa-mir-484_+_2,22.66289909
hsa-mir-29a-3p_+_7,22.30366624
hsa-mir-29c-3p_+_1,22.13802751
hsa-mir-501-5p,22.61164599
hsa-mir-3605-3p,21.49248012
hsa-mir-320e_-_1,21.62666787
hsa-mir-532-5p_+_1,21.6338896
hsa-mir-330-3p_+_1,21.34128486
hsa-mir-29a-5p,21.27558829
hsa-mir-151a-3p_+_1,23.35690497
hsa-mir-3607-3p_-_7,20.99020528
hsa-mir-29c-5p_+_1,20.65706475
hsa-mir-1246,39.90771756
hsa-mir-107_+_1,20.40220119
hsa-mir-126-3p_+_2,1.274788248
hsa-mir-296-5p,20.70482227
hsa-mir-101-2-3p_+_1,20.18530936
hsa-mir-378i,20.01780756
hsa-mir-3934,19.95653811
hsa-mir-24-1-5p_-_1,19.83143517
hsa-mir-425-3p_-_2,19.5982368
hsa-let-7c_+_1,273.9543425
hsa-mir-193a-3p,20.48699891
hsa-mir-101-1-3p_+_1,19.18239219
hsa-mir-21-5p_+_3,19.09316735
hsa-mir-125a-3p,19.02933385
hsa-mir-324-5p_+_1,18.70784218
hsa-mir-10a-3p,18.44948303
hsa-mir-204-5p,5.659201692
hsa-mir-192-5p_+_3,18.3784278
hsa-mir-628-5p,18.35489953
hsa-mir-760,10.30733295
hsa-mir-4485_-_1,20.64098878
hsa-mir-3607-3p_-_5,17.97423205
hsa-mir-152_+_2,17.45285606
hsa-mir-331-3p,18.12822192
hsa-mir-3607-3p_+_3,18.1084198
hsa-mir-2114-3p,17.30888253
hsa-mir-324-5p,740.1990036
hsa-mir-320a_+_3,16.91633563
hsa-mir-378a-3p_-_1,6.283083887
hsa-mir-30b-5p_+_1,16.84341733
hsa-mir-532-3p_+_1,16.81732501
hsa-mir-411-5p,16.90725082
hsa-mir-30c-1-3p,16.69129053
hsa-mir-99b-5p,423.7447284
hsa-mir-107,2095.006896
hsa-mir-4497,18.45507225
hsa-let-7f-2-5p_+_4,16.66776226
hsa-mir-10a-5p_+_2,11.16441351
hsa-mir-93-5p,7060.498932
hsa-mir-155-5p_+_1,16.21767206
hsa-let-7f-1-5p_+_4,16.32926307
hsa-mir-660-5p_+_1,16.06461372
hsa-mir-28-5p_+_1,16.06461372
hsa-mir-125b-1-3p,120.5795323
hsa-mir-324-3p_-_1,15.93415212
hsa-let-7a-1-5p_+_4,15.98447369
hsa-let-7g-5p_+_3,16.83246944
hsa-mir-200b-3p_+_2,15.73962646
hsa-let-7c,12912.64126
hsa-let-7a-2-5p_+_4,15.84492728
hsa-mir-4485_-_2,26.97276172
hsa-mir-17-5p_+_1,15.68651029
hsa-let-7a-3-5p_+_4,15.7918111
hsa-let-7b-5p_+_6,15.58027793
hsa-mir-1293_-_2,15.47497712
hsa-mir-106b-5p_+_1,15.47404558
hsa-mir-4521,15.54253676
hsa-mir-28-5p_-_1,15.38854689
hsa-mir-3607-3p_-_4,15.64970065
hsa-mir-342-3p,17.53928629
hsa-mir-30e-3p_+_1,15.14183659
hsa-mir-1293_+_3,15.04282597
hsa-let-7f-2-3p,15.35080571
hsa-mir-1293_-_3,15.02302384
hsa-mir-502-3p,15.25086356
hsa-mir-106a-5p_+_1,14.96268593
hsa-mir-424-3p_+_1,14.9042111
hsa-mir-219-1-3p,14.73764084
hsa-mir-4326,15.07893463
hsa-mir-424-3p,192.5533355
hsa-mir-100-3p,14.64305733
hsa-mir-192-3p,14.57922384
hsa-mir-146a-5p_+_1,14.87276012
hsa-mir-145-3p_+_2,14.62604982
hsa-mir-3607-5p_-_1,15.12576062
hsa-mir-1293,14.55033691
hsa-mir-449a,14.35231567
hsa-mir-181a-1-3p,15.16350179
hsa-mir-126-5p,232.6583826
hsa-let-7c_+_5,3.34631915
hsa-mir-23a-3p_-_1,14.30735276
hsa-mir-3607-3p_-_2,14.4541209
hsa-mir-29b-2-5p_+_1,14.15336289
hsa-mir-25-3p_+_4,14.17223348
hsa-mir-654-3p,2.018414725
hsa-mir-362-3p,14.36769067
hsa-mir-181d,579.3900315
hsa-let-7b-5p_-_1,26.75377625
hsa-mir-222-3p_-_2,14.07415439
hsa-mir-500a-3p_-_1,14.16151616
hsa-mir-335-3p_-_1,13.90758413
hsa-mir-3615,523.2711534
hsa-mir-450b-5p,13.8148637
hsa-mir-99a-5p,169.5528687
hsa-mir-455-5p_+_2,13.68160749
hsa-mir-328_+_1,13.78248119
hsa-let-7b-5p_+_3,14.0245338
hsa-mir-10a-5p_+_1,633.4373695
hsa-mir-193b-3p_+_1,13.8365289
hsa-mir-140-3p_+_1,1983.971
hsa-mir-210,1366.725469
hsa-mir-615-3p,13.47007432
hsa-mir-676-3p,13.44118739
hsa-mir-196a-2-5p_+_1,13.3556887
hsa-mir-664-3p,13.81043658
hsa-mir-421_+_1,13.24223461
hsa-mir-877-5p,13.1972717
hsa-mir-30d-3p_+_1,13.18375977
hsa-mir-1277-5p_+_3,13.10455128
hsa-mir-671-3p_-_1,13.59797187
hsa-mir-320a_+_5,13.01718951
hsa-mir-151a-5p_+_1,13.00367758
hsa-mir-450a-2-5p,13.08568069
hsa-mir-548k,12.82452693
hsa-mir-452-5p_+_3,12.97572219
hsa-mir-3912,12.79750307
hsa-mir-148a-3p,12341.6235
hsa-mir-29b-2-3p_+_6,12.76605209
hsa-mir-320b-2_-_1,12.73273804
hsa-mir-374b-3p,12.45271369
hsa-mir-18a-3p,12.33296941
hsa-mir-320b-1_-_1,12.34741287
hsa-mir-450a-1-5p,12.55451892
hsa-mir-193a-5p_+_1,12.20786646
hsa-mir-23b-3p_-_1,12.30151843
hsa-mir-455-3p_-_2,12.26820437
hsa-mir-29b-1-3p_+_6,12.18806434
hsa-mir-330-3p,12.09441238
hsa-mir-574-5p_+_1,6.076909375
hsa-mir-27a-3p_-_1,12.08719064
hsa-mir-222-3p_-_1,12.0475864
hsa-mir-224-5p_+_1,12.16197202
hsa-mir-888-5p,822.3387117
hsa-mir-1468,12.02871581
hsa-mir-29c-3p_-_1,12.08905372
hsa-mir-582-3p,11.87565747
hsa-mir-548j,11.71537741
hsa-mir-100-5p_+_3,9.297194047
hsa-mir-130b-3p,825.8453665
hsa-mir-3615_+_1,11.71630894
hsa-mir-140-3p_+_3,11.7279578
hsa-mir-590-3p_-_1,11.90617691
hsa-mir-720_-_1,34.74379954
hsa-mir-423-3p_+_1,46.91742041
hsa-mir-3607-3p_-_3,11.65690257
hsa-mir-589-3p,11.53622675
hsa-mir-644b-5p,11.60378639
hsa-mir-93-3p,12.05038101
hsa-mir-16-1-5p_+_2,11.59470159
hsa-mir-409-3p_-_1,6.462234542
hsa-mir-21-5p_+_2,248.7651646
hsa-mir-3613-5p,11.35171744
hsa-mir-16-2-5p_+_2,11.3291207
hsa-mir-101-2-3p_-_1,417.3365508
hsa-let-7i-5p_+_6,11.46773557
hsa-mir-101-1-3p_-_1,415.8294957
hsa-mir-26b-5p_-_1,416.9577649
hsa-mir-542-3p_-_1,11.15905485
hsa-mir-1292,11.06540289
hsa-mir-502-5p_-_1,11.06540289
hsa-mir-1307-5p,123.3450598
hsa-mir-320c-1_+_1,10.99248459
hsa-mir-190b_+_1,11.05002789
hsa-mir-501-3p,10.96639227
hsa-mir-19a-3p_-_1,10.89976416
hsa-mir-3180-5-3p,10.67914619
hsa-mir-3180-1-3p,10.67914619
hsa-mir-3180-2,10.67914619
hsa-mir-3180-3-3p,10.67914619
hsa-mir-3180-4-3p,10.67914619
hsa-mir-378d-2,10.59364749
hsa-mir-1299,10.52701939
hsa-mir-152_-_1,10.52072919
hsa-mir-215,217.9093235
hsa-mir-340-5p,231.8476576
hsa-mir-16-1-5p,5152.225438
hsa-mir-16-2-5p,5147.144224
hsa-mir-98_-_1,10.4198555
hsa-mir-423-5p_+_2,10.40098491
hsa-mir-185-3p,2.28399561
hsa-mir-146b-5p_-_1,10.39283164
hsa-mir-200b-3p,400.8248813
hsa-mir-7-3-5p_+_1,8.632776066
hsa-mir-7-2-5p_+_1,8.632776066
hsa-mir-320c-2_+_1,10.28846236
hsa-mir-101-1-3p,896.7472539
hsa-mir-107_-_1,10.17500827
hsa-mir-205-5p,15.02768153
hsa-mir-1248_+_2,15.02768153
hsa-mir-203_-_1,10.11373883
hsa-mir-199a-1-3p_+_2,46.49971273
hsa-mir-199b-3p_+_2,46.49971273
hsa-mir-181b-2-5p,3227.543638
hsa-mir-199a-2-3p_+_2,47.04438643
hsa-mir-29a-3p_+_6,55.55299109
hsa-mir-19b-2-3p,403.7723541
hsa-mir-29c-3p,1187.415456
hsa-mir-7-1-5p_+_1,9.376402543
hsa-mir-574-3p,656.5610575
hsa-let-7e-3p,10.86015992
hsa-mir-146a-5p,344.0832831
hsa-mir-24-1-3p_+_3,5.140620313
hsa-mir-3182,10.07786073
hsa-mir-101-2-3p,963.6419461
hsa-mir-19b-1-3p,393.1328122
hsa-mir-181b-1-5p,2699.088276
hsa-mir-27b-3p,10315.21579
hsa-mir-21-5p_-_1,678.0913066
hsa-mir-455-3p,91.63750601
hsa-mir-345-5p,514.269368
hsa-let-7d-5p,14322.98779
hsa-mir-27b-3p_+_1,426.7197139
hsa-mir-31-5p,1991.294023
hsa-mir-4485_+_2,12.71573053
hsa-mir-4497_-_1,12.33040536
hsa-mir-28-5p,888.0930803
hsa-mir-21-5p,145457.6114
hsa-let-7f-1-5p_+_1,1496.70591
hsa-let-7d-5p_+_3,10.72946775
hsa-mir-361-5p,1607.53527
hsa-let-7g-5p_-_1,176.2217575
hsa-mir-125a-5p,211.9642684
hsa-mir-221-3p,20525.42972
hsa-mir-191-5p_+_1,213.3723221
hsa-let-7i-5p,38199.15785
hsa-mir-25-3p,7210.846987
hsa-mir-181c-5p_+_1,8.522116591
hsa-mir-140-3p,718.3076956
hsa-mir-29a-3p_-_1,492.6187014
hsa-mir-100-5p_+_5,7.478663638
hsa-mir-598,365.5883529
hsa-mir-30d-5p_+_1,597.9347897
hsa-mir-132-5p,20.00965428
hsa-mir-660-5p,758.4590798
hsa-mir-423-5p,3742.360354
hsa-mir-99b-5p_+_1,10.94565861
hsa-mir-2110,126.222658
hsa-mir-34c-5p,1345.775762
hsa-mir-29a-3p_+_1,189.7479639
hsa-mir-320b-1_+_1,61.98191158
hsa-mir-19b-1-3p_+_1,19.5469837
hsa-mir-140-5p,318.8969184
hsa-mir-134,21.90296607
hsa-mir-98,3064.670403
hsa-mir-421,396.655967
hsa-mir-425-3p_-_1,190.9582269
hsa-mir-92b-3p_+_1,48.91859706
hsa-mir-22-3p_-_1,239.5623142
hsa-mir-146b-5p,963.5767385
hsa-mir-143-3p_-_1,23.57216429
hsa-let-7f-1-5p,38514.34527
hsa-mir-19b-2-3p_+_1,20.80919155
hsa-mir-30e-5p,2220.739084
hsa-mir-320b-2_+_1,66.7174046
hsa-mir-148a-5p,246.3532622
hsa-let-7f-2-5p_+_1,1538.882248
hsa-mir-203_+_1,283.0549172
hsa-mir-30a-3p,897.2337204
hsa-mir-214-3p_-_1,35.9701293
hsa-let-7f-2-5p,39088.19913
hsa-let-7a-1-5p_+_1,875.9075985
hsa-mir-142-5p_-_2,46.45824541
hsa-mir-149-5p,17.83468564
hsa-let-7a-2-5p_+_1,869.1140866
hsa-let-7a-3-5p_+_1,868.4568903
hsa-mir-22-3p,41435.87857
hsa-let-7d-3p_+_1,42.17377412
hsa-mir-320a_-_1,523.3657462
hsa-mir-1287,134.8274787
hsa-mir-30c-2-3p,83.26891816
hsa-mir-30a-5p,16688.70735
hsa-mir-106b-3p,889.8626911
hsa-let-7d-5p_+_1,354.1921522
hsa-mir-24-2-3p,5256.145942
hsa-mir-152,4260.032746
hsa-mir-200a-3p,1836.842012
hsa-mir-199a-1-3p_+_1,894.1024022
hsa-mir-199b-3p_+_1,894.1024022
hsa-mir-199a-2-3p_+_1,903.1088546
hsa-mir-26b-5p,17995.5164
hsa-mir-92a-1-3p_+_1,88.04867311
hsa-mir-24-1-3p,5280.381593
hsa-let-7b-5p_+_1,402.5029338
hsa-mir-30c-1-5p,991.6185751
hsa-mir-30c-2-5p,990.934355
hsa-mir-142-5p,20.09887913
hsa-mir-16-2-3p_-_1,166.5108125
hsa-mir-125b-2-5p,61.54440177
hsa-mir-125b-1-5p,62.54009721
hsa-mir-141-3p,66.19625918
hsa-mir-199a-1-5p,132.9742323
hsa-mir-199a-2-5p,133.0273484
hsa-mir-423-3p_-_1,351.9230519
hsa-mir-423-3p,1628.724438
hsa-mir-151b,20.30948076
hsa-mir-23a-3p,1470.480629
hsa-mir-151a-3p,1281.278068
hsa-mir-27a-3p,1589.823373
hsa-mir-9-2-5p,263.7469517
hsa-mir-9-1-5p,263.7136376
hsa-mir-9-3-5p,263.5542891
hsa-mir-130a-3p,97.24685654
hsa-mir-23b-3p,1014.359493
hsa-mir-30c-2-5p_+_1,64.34511569
hsa-mir-30c-1-5p_+_1,64.34511569
hsa-let-7g-5p_+_1,1925.533494
hsa-mir-744-5p,408.3582844
hsa-let-7e-5p,1485.572661
hsa-mir-183-5p,599.2284578
hsa-let-7a-2-5p,24152.33031
hsa-let-7a-3-5p,24159.89727
hsa-mir-361-5p_+_1,20.94244776
hsa-mir-7-3-5p,213.8047131
hsa-mir-7-2-5p,216.9259871
hsa-mir-199b-3p_-_1,873.658743
hsa-mir-199a-1-3p_-_1,873.658743
hsa-mir-30d-5p_-_1,19.56678582
hsa-mir-26b-5p_+_1,433.396055
hsa-let-7a-1-5p,24400.67986
hsa-mir-92a-2-3p_+_1,71.90834648
hsa-mir-199a-2-3p_-_1,879.7365839
hsa-mir-92b-3p,1668.877279
hsa-mir-92a-2-3p_-_1,13.9732807
hsa-mir-193a-5p,76.54855503
hsa-mir-30e-3p,559.0700733
hsa-mir-7-1-5p,227.7041439
hsa-mir-92b-3p_-_1,27.67375877
hsa-mir-21-5p_+_1,3673.463646
hsa-mir-320a,65814.43433
hsa-let-7b-5p,29182.89568
hsa-mir-197-3p,34.54041964
hsa-mir-378a-3p,1114.860197
hsa-mir-320a_+_1,3464.533207
hsa-mir-629-5p,105.197045
hsa-mir-203,733.0702759
hsa-mir-769-3p_+_1,120.7696308
hsa-mir-132-3p_+_1,20.61373436
hsa-mir-143-3p_+_1,28.76683232
hsa-mir-30a-5p_+_1,474.3507025
hsa-mir-22-3p_+_1,840.0541327
hsa-mir-196a-1-5p,228.1220822
hsa-mir-1307-3p_+_1,125.0131052
hsa-mir-92a-1-3p_-_1,16.25820784
hsa-mir-652-3p,259.7832618
hsa-mir-339-5p,88.97354389
hsa-mir-720,20.52380854
hsa-mir-30d-5p,18667.36553
hsa-mir-23a-3p_+_1,44.80628526
hsa-mir-191-5p,4619.683265
hsa-mir-19a-3p,120.8858795
hsa-mir-574-3p_+_1,20.66964515
hsa-mir-192-5p_-_1,69.42632963
hsa-mir-151a-3p_-_2,234.9647444
hsa-mir-25-5p,40.1940321
hsa-mir-196a-2-5p,330.6488749
hsa-mir-542-5p,25.0414782
hsa-mir-28-3p_+_1,149.4989618
hsa-mir-455-5p,84.81673959
hsa-mir-3196,42.62968411
hsa-mir-1180,295.5598155
hsa-mir-484_+_1,55.44955335
hsa-mir-100-5p,1006.933982
hsa-mir-95,120.3011404
hsa-mir-192-5p_+_2,1085.089987
hsa-mir-155-5p,800.8425333
hsa-mir-378a-3p_+_1,42.64646105
hsa-mir-574-5p,284.4184599
hsa-mir-192-5p_+_1,20469.29976
hsa-mir-361-5p_-_1,280.7501787
hsa-mir-30e-5p_+_1,168.4539754
hsa-mir-26a-1-5p_-_1,512.392372
hsa-mir-132-3p,368.6870395
hsa-mir-26a-2-5p_-_1,516.4175526
hsa-mir-589-5p,51.12175166
hsa-mir-143-3p,1369.491199
hsa-mir-365b-5p_-_1,38.94184059
hsa-mir-181a-1-5p,2595.792004
hsa-mir-484,744.7814197
hsa-mir-181a-2-5p,2616.293447
hsa-let-7c_-_1,33.68590312
hsa-mir-320b-2,972.2982597
hsa-mir-221-3p_+_1,697.7419586
hsa-mir-195-5p,45.7894003
hsa-mir-1307-3p,180.4079098
hsa-mir-139-5p,85.0292043
hsa-mir-27b-3p_-_1,110.4275911
hsa-mir-224-5p,485.3010281
hsa-mir-182-5p,9088.02931
hsa-mir-26a-2-5p,16217.47942
hsa-mir-26a-1-5p,16140.51595
hsa-mir-425-5p,1067.486867
hsa-mir-181c-5p,418.4960126
hsa-mir-193b-5p,55.99143243
hsa-mir-320c-2,126.0749583
hsa-mir-320b-1,951.8545912
hsa-mir-186-5p,1715.753196
hsa-mir-199a-1-3p,5648.721656
hsa-mir-199b-3p,5648.721656
hsa-mir-182-5p_-_1,28.42367545
hsa-mir-28-3p,1516.382598
hsa-mir-199a-2-3p,5696.090099
hsa-mir-342-5p,27.24160762
hsa-mir-423-5p_+_1,117.6600056
hsa-mir-183-5p_+_1,308.4817206
hsa-mir-24-1-3p_+_1,305.4119302
hsa-mir-339-3p,45.26802431
hsa-mir-200c-3p,206.5405892
hsa-mir-30a-5p_-_1,55.8383741
hsa-mir-24-2-3p_+_1,302.8353298
hsa-mir-92a-2-3p,2185.604629
hsa-mir-200a-3p_+_1,86.24808176
hsa-mir-92a-1-3p,2554.770636
hsa-mir-335-3p,41.06648767
hsa-mir-29c-3p_+_6,37.89489206
hsa-mir-92b-5p,36.8439868
hsa-mir-200b-3p_+_1,89.10633897
hsa-mir-151a-5p,198.5887868
hsa-mir-186-5p_+_1,71.08737458
hsa-mir-126-3p_+_1,42.82188556
hsa-mir-769-5p,467.2713371
hsa-mir-335-5p,59.96955648
hsa-mir-23b-3p_+_1,40.74150042
hsa-mir-320d-2,63.04330358
hsa-mir-34b-3p_+_1,58.29359766
hsa-mir-664-5p,29.81378086
hsa-mir-532-5p,516.3187633
hsa-mir-320c-1,121.5113942
hsa-mir-196b-5p,38.88686134
hsa-mir-222-3p,3615.933035
hsa-mir-320d-1,71.27910563
hsa-mir-192-5p,56041.20654
hsa-mir-212-3p,108.9999751
hsa-mir-126-3p,53.88542537
hsa-mir-429,130.6077724